/*
SQLyog Enterprise v12.5.1 (64 bit)
MySQL - 10.1.30-MariaDB : Database - koperasi
*********************************************************************
*/

/*!40101 SET NAMES utf8 */;

/*!40101 SET SQL_MODE=''*/;

/*!40014 SET @OLD_UNIQUE_CHECKS=@@UNIQUE_CHECKS, UNIQUE_CHECKS=0 */;
/*!40014 SET @OLD_FOREIGN_KEY_CHECKS=@@FOREIGN_KEY_CHECKS, FOREIGN_KEY_CHECKS=0 */;
/*!40101 SET @OLD_SQL_MODE=@@SQL_MODE, SQL_MODE='NO_AUTO_VALUE_ON_ZERO' */;
/*!40111 SET @OLD_SQL_NOTES=@@SQL_NOTES, SQL_NOTES=0 */;
CREATE DATABASE /*!32312 IF NOT EXISTS*/`koperasi` /*!40100 DEFAULT CHARACTER SET latin1 */;

USE `koperasi`;

/*Table structure for table `desa` */

DROP TABLE IF EXISTS `desa`;

CREATE TABLE `desa` (
  `id` int(11) NOT NULL AUTO_INCREMENT,
  `id_kecamatan` int(11) DEFAULT NULL,
  `nama_desa` varchar(255) DEFAULT NULL,
  PRIMARY KEY (`id`),
  KEY `id_kecamatan` (`id_kecamatan`),
  CONSTRAINT `desa_ibfk_1` FOREIGN KEY (`id_kecamatan`) REFERENCES `kecamatan` (`id`)
) ENGINE=InnoDB AUTO_INCREMENT=718 DEFAULT CHARSET=latin1;

/*Data for the table `desa` */

insert  into `desa`(`id`,`id_kecamatan`,`nama_desa`) values 
(1,1,'	&#10;Abiansemal'),
(2,1,'Angantaka'),
(3,1,'Ayunan'),
(4,1,'Blahkiuh'),
(5,1,'Bongkasa'),
(6,1,'Bongkasa Pertiwi'),
(7,1,'Darmasaba'),
(8,1,'Dauh Yeh cani'),
(9,1,'Jagapati'),
(10,1,'Mambal'),
(11,1,'Mekar Bhuana'),
(12,1,'Punggul'),
(13,1,'Sangeh'),
(14,1,'Sedang'),
(15,1,'Selat'),
(16,1,'Sibang Gede'),
(17,1,'Sibang Kaja'),
(18,1,'Taman'),
(19,2,'Kedonganan'),
(20,2,'Tuban'),
(21,2,'Kuta'),
(22,2,'Legian'),
(23,2,'Seminyak'),
(24,3,'Pecatu'),
(25,3,'Ungasan'),
(26,3,'Kutuh'),
(27,3,'Benoa'),
(28,3,'Tanjung Benoa'),
(29,3,'Jimbaran'),
(30,4,'Canggu'),
(31,4,'Dalung'),
(32,4,'Tibubeneng'),
(33,4,'Kerobokan'),
(34,4,'Kerobokan Kelod'),
(35,4,'Kerobokan Kaja'),
(36,5,'Baha'),
(37,5,'Buduk'),
(38,5,'Cemagi'),
(39,5,'Gulingan'),
(40,5,'Kekeran'),
(41,5,'Kuwum'),
(42,5,'Mengwi'),
(43,5,'Mengwitani'),
(44,5,'Munggu'),
(45,5,'Penarungan'),
(46,5,'Pererenan'),
(47,5,'Sembung'),
(48,5,'Sobangan'),
(49,5,'Tumbak Bayuh'),
(50,5,'Werdi Bhuwana'),
(51,5,'Abianbase'),
(52,5,'Kapal'),
(53,5,'Lukluk'),
(54,5,'Sading'),
(55,5,'Sempidi'),
(56,6,'Belok'),
(57,6,'Carangsari'),
(58,6,'Getasan'),
(59,6,'Pangsan'),
(60,6,'Pelaga'),
(61,6,'Petang'),
(62,6,'Sulangai'),
(63,7,'	&#10;Bunutin'),
(64,7,'Kayubihi'),
(65,7,'Landih'),
(66,7,'Pengotan'),
(67,7,'Taman Bali'),
(68,7,'Bebalang'),
(69,7,'Cempaga'),
(70,7,'Kawan'),
(71,7,'Kubu'),
(72,8,'Abangsongan'),
(73,8,'Abuan'),
(74,8,'Awan'),
(75,8,'Bantang'),
(76,8,'Banua'),
(77,8,'Batudinding'),
(78,8,'Batukaang'),
(79,8,'Batur Selatan'),
(80,8,'Batur Tengah'),
(81,8,'Batur Utara'),
(82,8,'Bayungcerik'),
(83,8,'Bayung Gede'),
(84,8,'Belancan'),
(85,8,'Belandingan'),
(86,8,'Belanga'),
(87,8,'Belantih'),
(88,8,'Binyan'),
(89,8,'Bonyoh'),
(90,8,'Buahan'),
(91,8,'Bunutin'),
(92,8,'Catur'),
(93,8,'Daup'),
(94,8,'Dausa'),
(95,8,'Gunungbau'),
(96,8,'Katung'),
(97,8,'Kedisan'),
(98,8,'Kintamani'),
(99,8,'Kutuh'),
(100,8,'Langgahan'),
(101,8,'Lembean'),
(102,8,'Mangguh'),
(103,8,'Manikliyu'),
(104,8,'Mengani'),
(105,8,'Pengejaran'),
(106,8,'Pinggan'),
(107,8,'Satra'),
(108,8,'Sekaan'),
(109,8,'Sekardadi'),
(110,8,'Selulung'),
(111,8,'Serai'),
(112,8,'Siakin'),
(113,8,'Songan A'),
(114,8,'Songan B'),
(115,8,'Subaya'),
(116,8,'Sukawana'),
(117,8,'Suter'),
(118,8,'Terunyan'),
(119,8,'Ulian'),
(120,9,'	&#10;Abuan'),
(121,9,'Apuan'),
(122,9,'Demulih'),
(123,9,'Pengiangan'),
(124,9,'Penglumbaran'),
(125,9,'Selat'),
(126,9,'Sulahan'),
(127,9,'Susut'),
(128,9,'Tiga'),
(129,10,'Bangbang'),
(130,10,'Jehem'),
(131,10,'Peninjoan'),
(132,10,'Tembuku'),
(133,10,'Undisan'),
(134,10,'Yangapi'),
(135,11,'Banjar'),
(136,11,'Banjar Tegeha'),
(137,11,'Banyuatis'),
(138,11,'Banyuseri'),
(139,11,'Cempaga'),
(140,11,'Dencarik'),
(141,11,'Gesing'),
(142,11,'Gobleg'),
(143,11,'Kaliasem'),
(144,11,'Kayuputih'),
(145,11,'Munduk'),
(146,11,'Pedawa'),
(147,11,'Sidetapa'),
(148,11,'Tampekan'),
(149,11,'Temukus'),
(150,11,'Tigawasa'),
(151,11,'Tirtasari'),
(152,12,'Alasangker'),
(153,12,'Anturan'),
(154,12,'Bakti Seraga'),
(155,12,'Jinengdalem'),
(156,12,'Kalibukbuk'),
(157,12,'Nagasepaha'),
(158,12,'Pemaron'),
(159,12,'Penglatan'),
(160,12,'Petandakan'),
(161,12,'Poh Bergong'),
(162,12,'Sari Mekar'),
(163,12,'Tukadmungga'),
(164,12,'Astina'),
(165,12,'Banjar Bali'),
(166,12,'Banjar Jawa'),
(167,12,'Banjar Tegal'),
(168,12,'Banyuasri'),
(169,12,'Banyuning'),
(170,12,'Beratan'),
(171,12,'Kaliuntu'),
(172,12,'Kampung Anyar'),
(173,12,'Kampung Baru'),
(174,12,'Kampung Bugis'),
(175,12,'Kampung Kajanan'),
(176,12,'Kampung Singaraja'),
(177,12,'Kendran'),
(178,12,'Liligundi'),
(179,12,'Paket Agung'),
(180,12,'Penarukan'),
(181,13,'Bengkel'),
(182,13,'Bongancina'),
(183,13,'Busung Biu'),
(184,13,'Kedis'),
(185,13,'Kekeran'),
(186,13,'Pelapuan'),
(187,13,'Pucaksari'),
(188,13,'Sepang'),
(189,13,'Sepang Kelod'),
(190,13,'Subuk'),
(191,13,'Telaga'),
(192,13,'Tinggarsari'),
(193,13,'Tista'),
(194,13,'Titab'),
(195,13,'Umejero'),
(196,14,'Banyupoh'),
(197,14,'Celukanbawang'),
(198,14,'Gerokgak'),
(199,14,'Musi'),
(200,14,'Patas'),
(201,14,'Pejarakan'),
(202,14,'Pemuteran'),
(203,14,'Pengulon'),
(204,14,'Penyabangan'),
(205,14,'Sanggalangit'),
(206,14,'Sumberklampok'),
(207,14,'Sumberklima'),
(208,14,'Tinga-Tinga'),
(209,14,'Tukadsumaga'),
(210,15,'Bengkala'),
(211,15,'Bila'),
(212,15,'Bontihing'),
(213,15,'Bukti'),
(214,15,'Bulian'),
(215,15,'Depeha'),
(216,15,'Kubutambahan'),
(217,15,'Mengening'),
(218,15,'Pakisan'),
(219,15,'Tajun'),
(220,15,'Tambakan'),
(221,15,'Tamblang'),
(222,15,'Tunjung'),
(223,16,'Bebetin'),
(224,16,'Bungkulan'),
(225,16,'Galungan'),
(226,16,'Giri Emas'),
(227,16,'Jagaraga'),
(228,16,'Kerobokan'),
(229,16,'Lemukih'),
(230,16,'Menyali'),
(231,16,'Sangsit'),
(232,16,'Sawan'),
(233,16,'Sekumpul'),
(234,16,'Sinabun'),
(235,16,'Sudaji'),
(236,16,'Suwug'),
(237,17,'Banjar Asem'),
(238,17,'Bestala'),
(239,17,'Bubunan'),
(240,17,'Gunungsari'),
(241,17,'Joanyar'),
(242,17,'Kalianget'),
(243,17,'Kalisada'),
(244,17,'Lokapaksa'),
(245,17,'Mayong'),
(246,17,'Munduk Bestala'),
(247,17,'Pangkung Paruk'),
(248,17,'Patemon'),
(249,17,'Pengastulan'),
(250,17,'Rangdu'),
(251,17,'Ringdikit'),
(252,17,'Sulanyah'),
(253,17,'Tangguwisia'),
(254,17,'Ularan'),
(255,17,'Umeanyar'),
(256,17,'Unggahan'),
(257,17,'Seririt'),
(258,18,'Ambengan'),
(259,18,'Git Git'),
(260,18,'Kayu Putih'),
(261,18,'Padang Bulia'),
(262,18,'Pancasari'),
(263,18,'Panji'),
(264,18,'Panji Anom'),
(265,18,'Pegadungan'),
(266,18,'Pegayaman'),
(267,18,'Sambangan'),
(268,18,'Selat'),
(269,18,'Silangjana'),
(270,18,'Tegal Linggah'),
(271,18,'Wanagiri'),
(272,18,'Sukasada'),
(273,19,'Bondalem'),
(274,19,'Julah'),
(275,19,'Les'),
(276,19,'Madenan'),
(277,19,'Pacung'),
(278,19,'Penuktukan'),
(279,19,'Sambirenteng'),
(280,19,'Sembiran'),
(281,19,'Tejakula'),
(282,19,'Tembok'),
(283,20,'Bedulu'),
(284,20,'Belega'),
(285,20,'Blahbatuh'),
(286,20,'Bona'),
(287,20,'Buruan'),
(288,20,'Keramas'),
(289,20,'Medahan'),
(290,20,'Pering'),
(291,20,'Saba'),
(292,21,'Bakbakan'),
(293,21,'Lebih'),
(294,21,'Petak'),
(295,21,'Petak Kaja'),
(296,21,'Serongga'),
(297,21,'Siangan'),
(298,21,'Sidan'),
(299,21,'Sumita'),
(300,21,'Suwat'),
(301,21,'Tegal Tugu'),
(302,21,'Temesi'),
(303,21,'Tulikup'),
(304,21,'Abianbase'),
(305,21,'Beng'),
(306,21,'Bitera'),
(307,21,'Gianyar'),
(308,21,'Samplangan'),
(309,22,'Bresela'),
(310,22,'Buahan'),
(311,22,'Buahan Kaja'),
(312,22,'Bukian'),
(313,22,'Kelusa'),
(314,22,'Kerta'),
(315,22,'Melinggih'),
(316,22,'Melinggih Kelod'),
(317,22,'Puhu'),
(318,23,'Batuan'),
(319,23,'Batuan Kaler'),
(320,23,'Batubulan'),
(321,23,'Batubulan Kangin'),
(322,23,'Celuk'),
(323,23,'Guwang'),
(324,23,'Kemenuh'),
(325,23,'Ketewel'),
(326,23,'Singapadu'),
(327,23,'Singapadu Kaler'),
(328,23,'Singapadu Tengah'),
(329,23,'Sukawati'),
(330,25,'Kedisan'),
(331,25,'Keliki'),
(332,25,'Kendran'),
(333,25,'Pupuan'),
(334,25,'Sebatu'),
(335,25,'Taro'),
(336,25,'Tegallalang'),
(337,26,'Kedewatan'),
(338,26,'Lodtunduh'),
(339,26,'Mas'),
(340,26,'Peliatan'),
(341,26,'Petulu'),
(342,26,'Sayan'),
(343,26,'Singakerta'),
(344,26,'Ubud'),
(345,32,'Ababi'),
(346,32,'Abang'),
(347,32,'Bunutan'),
(348,32,'Culik'),
(349,32,'Datah'),
(350,32,'Kerta Mandala'),
(351,32,'Kesimpar'),
(352,32,'Labasari'),
(353,32,'Nawa Kerthi'),
(354,32,'Pidpid'),
(355,32,'Purwakerti'),
(356,32,'Tista'),
(357,32,'Tiyingtali'),
(358,32,'Tri Bhuana'),
(359,33,'Bebandem'),
(360,33,'Buana Giri'),
(361,33,'Budakeling'),
(362,33,'Bungaya'),
(363,33,'Bungaya Kangin'),
(364,33,'Jungutan'),
(365,33,'Macang'),
(366,33,'Sibetan'),
(367,34,'Bugbug'),
(368,34,'Bukit'),
(369,34,'Pertima'),
(370,34,'Seraya Barat'),
(371,34,'Seraya Tengah'),
(372,34,'Seraya Timur'),
(373,34,'Tegallinggah'),
(374,34,'Tumbu'),
(375,34,'Subagan'),
(376,34,'Padang Kerta'),
(377,34,'Karangasem'),
(378,36,'Antiga'),
(379,36,'Antiga Kelod'),
(380,36,'Gegelang'),
(381,36,'Manggis'),
(382,36,'Ngis'),
(383,36,'Nyuhtebel'),
(384,36,'Padangbai'),
(385,36,'Pesedahan'),
(386,36,'Selumbung'),
(387,36,'Sengkidu'),
(388,36,'Tenganan'),
(389,36,'Ulakan'),
(390,37,'Besakih'),
(391,37,'Menanga'),
(392,37,'Nongan'),
(393,37,'Pempatan'),
(394,37,'Pesaban'),
(395,37,'Rendang'),
(396,38,'Amertha Buana'),
(397,38,'Duda'),
(398,38,'Duda Timur'),
(399,38,'Duda Utara'),
(400,38,'Muncan'),
(401,38,'Pering Sari'),
(402,38,'Sebudi'),
(403,38,'Selat'),
(404,39,'Kertha Buana'),
(405,39,'Lokasari'),
(406,39,'Sangkan Gunung'),
(407,39,'Sidemen'),
(408,39,'Sindu Wati'),
(409,39,'Talibeng'),
(410,39,'Tangkup'),
(411,39,'Telaga Tawang'),
(412,39,'Tri Eka Buana'),
(413,39,'Wisma Kerta'),
(414,40,'Aan'),
(415,40,'Bakas'),
(416,40,'Banjarangkan'),
(417,40,'Bungbungan'),
(418,40,'Getakan'),
(419,40,'Negari'),
(420,40,'Nyalian'),
(421,40,'Nyanglan'),
(422,40,'Takmung'),
(423,40,'Tihingan'),
(424,40,'Timuhun'),
(425,40,'Tohpati'),
(426,40,'Tusan'),
(427,41,'Besan'),
(428,41,'Dawan Kaler'),
(429,41,'Dawan Klod'),
(430,41,'Gunaksa'),
(431,41,'Kampung Kusamba'),
(432,41,'Kusamba'),
(433,41,'Paksebali'),
(434,41,'Pesinggahan'),
(435,41,'Pikat'),
(436,41,'Sampalan Klod'),
(437,41,'Sampalan Tengah'),
(438,41,'Sulang'),
(439,42,'Akah'),
(440,42,'Gelgel'),
(441,42,'Jumpai'),
(442,42,'Kamasan'),
(443,42,'Kampung Gelgel'),
(444,42,'Manduang'),
(445,42,'Satra'),
(446,42,'Selat'),
(447,42,'Selisihan'),
(448,42,'Tangkas'),
(449,42,'Tegak'),
(450,42,'Tojan'),
(451,42,'Semarapura Kaja'),
(452,42,'Semarapura Kangin'),
(453,42,'Semarapura Kauh'),
(454,42,'Semarapura Klod'),
(455,42,'Semarapura Klod Kangin'),
(456,42,'Semarapura Tengah'),
(457,43,'Batukandik'),
(458,43,'Batumadeg'),
(459,43,'Batununggul'),
(460,43,'Bunga Mekar'),
(461,43,'Jungutbatu'),
(462,43,'Kampung Toyapakeh'),
(463,43,'Klumpu'),
(464,43,'Kutampi'),
(465,43,'Kutampi Kaler'),
(466,43,'Lembongan'),
(467,43,'Ped'),
(468,43,'Pejukutan'),
(469,43,'Sakti'),
(470,43,'Sekartaji'),
(471,43,'Suana'),
(472,43,'Tanglad'),
(473,44,'Angseri'),
(474,44,'Antapan'),
(475,44,'Apuan'),
(476,44,'Bangli'),
(477,44,'Batunya'),
(478,44,'Baturiti'),
(479,44,'Candikuning'),
(480,44,'Luwus'),
(481,44,'Mekarsari'),
(482,44,'Perean'),
(483,44,'Perean Kangin'),
(484,44,'Perean Tengah'),
(485,24,'Manukaya'),
(486,24,'Pejeng'),
(487,24,'Pejeng Kaja'),
(488,24,'Pejeng Kangin'),
(489,24,'Pejeng Kawan'),
(490,24,'Pejeng Kelod'),
(491,24,'Sanding'),
(492,24,'Tampaksiring'),
(493,27,'Air Kuning'),
(494,27,'Batuagung'),
(495,27,'Budeng'),
(496,27,'Dangintukadaya'),
(497,27,'Perancak'),
(498,27,'Yeh Kuning'),
(499,27,'Dauhwaru'),
(500,27,'Loloan Timur'),
(501,27,'Pendem'),
(502,27,'Sangkaragung'),
(503,28,'Blimbing Sari'),
(504,28,'Candikusuma'),
(505,28,'Ekasari'),
(506,28,'Manistutu'),
(507,28,'Melaya'),
(508,28,'Nusasari'),
(509,28,'Tukadaya'),
(510,28,'Tuwed'),
(511,28,'Warnasari'),
(512,28,'Gilimanuk'),
(513,29,'	&#10;Delod Berawah'),
(514,29,'Mendoyo Dangin Tukad'),
(515,29,'Mendoyo Dauh Tukad'),
(516,29,'Penyaringan'),
(517,29,'Pergung'),
(518,29,'Pohsanten'),
(519,29,'Yeh Embang'),
(520,29,'Yeh Embang Kangin'),
(521,29,'Yeh Embang Kauh'),
(522,29,'Yeh Sumbul'),
(523,29,'Tegal Cangkring'),
(524,30,'Baluk'),
(525,30,'Banyubiru'),
(526,30,'Berangbang'),
(527,30,'Cupel'),
(528,30,'Kaliakah'),
(529,30,'Pengambengan'),
(530,30,'Tegal Badeng Barat'),
(531,30,'Tegal Badeng Timur'),
(532,30,'Baler Bale Agung'),
(533,30,'Banjar Tengah'),
(534,30,'Lelateng'),
(535,30,'Loloan Barat'),
(536,31,'Asahduren'),
(537,31,'Gumbrih'),
(538,31,'Manggissari'),
(539,31,'Medewi'),
(540,31,'Pangyangan'),
(541,31,'Pekutatan'),
(542,31,'Pengragoan'),
(543,31,'Pulukan'),
(544,35,'Ban'),
(545,35,'Baturinggit'),
(546,35,'Dukuh'),
(547,35,'Kubu'),
(548,35,'Sukadana'),
(549,35,'Tianyar'),
(550,35,'Tianyar Barat'),
(551,35,'Tianyar Tengah'),
(552,35,'Tulamben'),
(553,45,'Abian Tuwung'),
(554,45,'Banjar Anyar'),
(555,45,'Belalang'),
(556,45,'Bengkel'),
(557,45,'Beraban'),
(558,45,'Buwit'),
(559,45,'Cepaka'),
(560,45,'Kaba-kaba'),
(561,45,'Kediri'),
(562,45,'Nyambu'),
(563,45,'Nyitdah'),
(564,45,'Pandak Bandung'),
(565,45,'Pandak Gede'),
(566,45,'Pangkung Tibah'),
(567,45,'Pejaten'),
(568,46,'Batuaji'),
(569,46,'Baturiti'),
(570,46,'Belumbang'),
(571,46,'Kelating'),
(572,46,'Kerambitan'),
(573,46,'Kesiut'),
(574,46,'Kukuh'),
(575,46,'Meliling'),
(576,46,'Pangkung Karung'),
(577,46,'Penarukan'),
(578,46,'Samsam'),
(579,46,'Sembung Gede'),
(580,46,'Tibubiu'),
(581,46,'Timpag'),
(582,46,'Tista'),
(583,47,'Baru'),
(584,47,'Batannyuh'),
(585,47,'Beringkit'),
(586,47,'Cau Belayu'),
(587,47,'Geluntung'),
(588,47,'Kukuh'),
(589,47,'Kuwum'),
(590,47,'Marga'),
(591,47,'Marga Dajan Puri'),
(592,47,'Marga Dauh Puri'),
(593,47,'Payangan'),
(594,47,'Peken'),
(595,47,'Petiga'),
(596,47,'Selanbawak'),
(597,47,'Tegaljadi'),
(598,47,'Tua'),
(599,48,'Babahan'),
(600,48,'Biaung'),
(601,48,'Buruan'),
(602,48,'Jatiluwih'),
(603,48,'Jegu'),
(604,48,'Mengesta'),
(605,48,'Penatahan'),
(606,48,'Penebel'),
(607,48,'Pesagi'),
(608,48,'Pitra'),
(609,48,'Rejasa'),
(610,48,'Rianggede'),
(611,48,'Sangketan'),
(612,48,'Senganan'),
(613,48,'Tajen'),
(614,48,'Tegallinggah'),
(615,48,'Tengkudak'),
(616,48,'Wongaya Gede'),
(617,49,'Bantiran'),
(618,49,'Batungsel'),
(619,49,'Belatungan'),
(620,49,'Belimbing'),
(621,49,'Jelijih Punggang'),
(622,49,'Karya Sari'),
(623,49,'Kebon Padangan'),
(624,49,'Munduk Temu'),
(625,49,'Padangan'),
(626,49,'Pajahan'),
(627,49,'Pujungan'),
(628,49,'Pupuan'),
(629,49,'Sai'),
(630,49,'Sanda'),
(631,50,'Antap'),
(632,50,'Bajera'),
(633,50,'Bajera Utara'),
(634,50,'Berembeng'),
(635,50,'Manikyang'),
(636,50,'Pupuan Sawah'),
(637,50,'Selemadeg'),
(638,50,'Serampingan'),
(639,50,'Wanagiri'),
(640,50,'Wanagiri Kauh'),
(641,51,'Angkah'),
(642,51,'Antosari'),
(643,51,'Bengkel Sari'),
(644,51,'Lalang Linggah'),
(645,51,'Lumbung'),
(646,51,'Lumbung Kauh51'),
(647,51,'Mundeh'),
(648,51,'Mundeh Kangin'),
(649,51,'Mundeh Kauh'),
(650,51,'Selabih'),
(651,51,'Tiying Gading'),
(652,52,'Bantas'),
(653,52,'Beraban'),
(654,52,'Dalang'),
(655,52,'Gadungan'),
(656,52,'Gadung Sari'),
(657,52,'Gunung Salak'),
(658,52,'Mambang'),
(659,52,'Megati'),
(660,52,'Tangguntiti'),
(661,52,'Tegal Mengkeb'),
(662,53,'Bongan'),
(663,53,'Buahan'),
(664,53,'Dajan Peken'),
(665,53,'Dauh Peken'),
(666,53,'Delod Peken'),
(667,53,'Denbantas'),
(668,53,'Gubug'),
(669,53,'Sesandan'),
(670,53,'Subamia'),
(671,53,'Sudimara'),
(672,53,'Tunjuk'),
(673,53,'Wanasari'),
(674,54,'Dauh Puri Kangin'),
(675,54,'Dauh Puri Kauh'),
(676,54,'Dauh Puri Klod'),
(677,54,'Padang Sambian Kaja'),
(678,54,'Padang Sambian Klod'),
(679,54,'Pemecutan Klod'),
(680,54,'Tegal Harum'),
(681,54,'Tegal Kerta'),
(682,54,'Dauh Puri'),
(683,54,'Padang Sambian'),
(684,54,'Pemecutan'),
(685,55,'Pemogan'),
(686,55,'Sanur Kaja'),
(687,55,'Sanur Kauh'),
(688,55,'Sidakarya'),
(689,55,'Panjer'),
(690,55,'Pedungan'),
(691,55,'Renon'),
(692,55,'Sanur'),
(693,55,'Serangan'),
(694,55,'Sesetan'),
(695,56,'Dangin Puri Klod'),
(696,56,'Kesiman Kertalangu'),
(697,56,'Kesiman Petilan'),
(698,56,'Penatih Dangin Puri'),
(699,56,'Sumerta Kaja'),
(700,56,'Sumerta Kauh'),
(701,56,'Sumerta Klod/Kelod'),
(702,56,'Dangin Puri'),
(703,56,'Kesiman'),
(704,56,'Penatih'),
(705,56,'Sumerta'),
(706,57,'Dangin Puri Kaja'),
(707,57,'Dangin Puri Kangin'),
(708,57,'Dangin Puri Kauh'),
(709,57,'Dauh Puri Kaja'),
(710,57,'Peguyangan Kaja'),
(711,57,'Peguyangan Kangin'),
(712,57,'Pemecutan Kaja'),
(713,57,'Ubung Kaja'),
(714,57,'Peguyangan'),
(715,57,'Tonja'),
(716,57,'Ubung'),
(717,57,'(NULL)');

/*Table structure for table `kabkot` */

DROP TABLE IF EXISTS `kabkot`;

CREATE TABLE `kabkot` (
  `id` int(11) NOT NULL AUTO_INCREMENT,
  `nama_kabkot` varchar(255) DEFAULT NULL,
  PRIMARY KEY (`id`)
) ENGINE=InnoDB AUTO_INCREMENT=10 DEFAULT CHARSET=latin1;

/*Data for the table `kabkot` */

insert  into `kabkot`(`id`,`nama_kabkot`) values 
(1,'Kab. Badung'),
(2,'	Kab. Bangli'),
(3,'Kab. Buleleng'),
(4,'Kab. Gianyar'),
(5,'Kab. Jembrana'),
(6,'	Kab. Karangasem'),
(7,'	Kab. Klungkung'),
(8,'	Kab. Tabanan'),
(9,'Kota Denpasar');

/*Table structure for table `kecamatan` */

DROP TABLE IF EXISTS `kecamatan`;

CREATE TABLE `kecamatan` (
  `id` int(11) NOT NULL AUTO_INCREMENT,
  `id_kabkot` int(11) DEFAULT NULL,
  `nama_kecamatan` varchar(255) DEFAULT NULL,
  PRIMARY KEY (`id`),
  KEY `id_kabkot` (`id_kabkot`),
  CONSTRAINT `kecamatan_ibfk_1` FOREIGN KEY (`id_kabkot`) REFERENCES `kabkot` (`id`)
) ENGINE=InnoDB AUTO_INCREMENT=58 DEFAULT CHARSET=latin1;

/*Data for the table `kecamatan` */

insert  into `kecamatan`(`id`,`id_kabkot`,`nama_kecamatan`) values 
(1,1,'Abiansemal'),
(2,1,'Kuta'),
(3,1,'	Kuta Selatan'),
(4,1,'	Kuta Utara'),
(5,1,'Mengwi'),
(6,1,'	Petang'),
(7,2,'Bangli'),
(8,2,'	Kintamani'),
(9,2,'	Susut'),
(10,2,'	Tembuku'),
(11,3,'Banjar'),
(12,3,'Buleleng'),
(13,3,'	Busung Biu'),
(14,3,'Gerokgak'),
(15,3,'	Kubutambahan'),
(16,3,'	Sawan'),
(17,3,'	Seririt'),
(18,3,'	Sukasada'),
(19,3,'	Tejakula'),
(20,4,'Blahbatuh'),
(21,4,'	Gianyar'),
(22,4,'	Payangan'),
(23,4,'	Sukawati'),
(24,4,'Tampaksiring'),
(25,4,'	Tegallalang'),
(26,4,'	Ubud'),
(27,5,'Jembrana'),
(28,5,'	Melaya'),
(29,5,'Mendoyo'),
(30,5,'	Negara'),
(31,5,'Pekutatan'),
(32,6,'Abang'),
(33,6,'Bebandem'),
(34,6,'	Karangasem'),
(35,6,'	Kubu'),
(36,6,'Manggis'),
(37,6,'	Rendang'),
(38,6,'	Selat'),
(39,6,'	Sidemen'),
(40,7,'Banjarangkan'),
(41,7,'	Dawan'),
(42,7,'	Klungkung'),
(43,7,'	Nusa Penida'),
(44,8,'Baturiti'),
(45,8,'	Kediri'),
(46,8,'Kerambitan'),
(47,8,'Marga'),
(48,8,'	Penebel'),
(49,8,'	Pupuan'),
(50,8,'	Selemadeg'),
(51,8,'Selemadeg Barat'),
(52,8,'	Selemadeg Timur	'),
(53,8,'	Tabanan'),
(54,9,'	Denpasar Barat'),
(55,9,'	Denpasar Selatan'),
(56,9,'Denpasar Timur'),
(57,9,'	Denpasar Utara');

/*Table structure for table `koperasi` */

DROP TABLE IF EXISTS `koperasi`;

CREATE TABLE `koperasi` (
  `id` int(11) NOT NULL AUTO_INCREMENT,
  `id_kabkot` int(255) DEFAULT NULL,
  `id_kecamatan` int(255) DEFAULT NULL,
  `id_desa` int(255) DEFAULT NULL,
  `nama_koperasi` varchar(255) DEFAULT NULL,
  `alamat` varchar(255) DEFAULT NULL,
  `no_badan_hukum` varchar(255) DEFAULT NULL,
  `tanggal_badan_hukum` date DEFAULT NULL,
  `bentuk_koperasi` varchar(255) DEFAULT NULL,
  `jenis_koperasi` varchar(255) DEFAULT NULL,
  `kelompok_koperasi` varchar(255) DEFAULT NULL,
  `sektor_usaha` varchar(255) DEFAULT NULL,
  `nama_ketua` varchar(255) DEFAULT NULL,
  `nama_sekertaris` varchar(255) DEFAULT NULL,
  `nama_bendahara` varchar(255) DEFAULT NULL,
  `nama_pengawas` varchar(255) DEFAULT NULL,
  `nama_manager` varchar(255) DEFAULT NULL,
  `jumlah_anggota_pria` varchar(255) DEFAULT NULL,
  `jumlah_anggota_wanita` varchar(255) DEFAULT NULL,
  `no_koperasi` varchar(255) DEFAULT NULL,
  `status_nik` varchar(255) DEFAULT NULL,
  `tanggal_sertifikat` date DEFAULT NULL,
  `status_grade` varchar(255) DEFAULT NULL,
  PRIMARY KEY (`id`),
  KEY `id_kabkot` (`id_kabkot`),
  KEY `id_kecamatan` (`id_kecamatan`),
  KEY `id_desa` (`id_desa`),
  CONSTRAINT `koperasi_ibfk_1` FOREIGN KEY (`id_kabkot`) REFERENCES `kabkot` (`id`),
  CONSTRAINT `koperasi_ibfk_2` FOREIGN KEY (`id_kecamatan`) REFERENCES `kecamatan` (`id`),
  CONSTRAINT `koperasi_ibfk_3` FOREIGN KEY (`id_desa`) REFERENCES `desa` (`id`)
) ENGINE=InnoDB AUTO_INCREMENT=11 DEFAULT CHARSET=latin1;

/*Data for the table `koperasi` */

insert  into `koperasi`(`id`,`id_kabkot`,`id_kecamatan`,`id_desa`,`nama_koperasi`,`alamat`,`no_badan_hukum`,`tanggal_badan_hukum`,`bentuk_koperasi`,`jenis_koperasi`,`kelompok_koperasi`,`sektor_usaha`,`nama_ketua`,`nama_sekertaris`,`nama_bendahara`,`nama_pengawas`,`nama_manager`,`jumlah_anggota_pria`,`jumlah_anggota_wanita`,`no_koperasi`,`status_nik`,`tanggal_sertifikat`,`status_grade`) values 
(3,3,12,164,'Koperasi Astina Buleleng','Astina','126/BH/KDK/1.6/II/2000','2022-05-26','Sekunder Kabupaten/Kota','Simpan Pinjam','Kop. Konsumen','Jasa Angkutan','Dode','Tita','Ale','Putra','Nonny','10','10','23423423423424','Sertifikat - Aktif','2022-05-26','B'),
(4,4,23,323,'Koperasi Guwang Sukawati','Guwang','39/BH/DK.1-12/III/2007','2022-05-24','Sekunder Kabupaten/Kota','Simpan Pinjam','Kop. Simpan Pinjam','Jasa Asuransi','wayan','kadek','made','ketut','putu','8','8','45345345346','Sertifikat - Aktif','2022-06-10','A'),
(5,1,3,24,'Koperasi Pecatu','Pecatu','13/BH/DK. I-12/XI/2003','2022-02-09','Primer Kabupaten/Kota','Simpan Pinjam','Kop. Simpan Pinjam','Jasa Asuransi','Gede','Nyoman','Suma','Antara','Nanak','4','4','23423423423424','Sertifikat - Expired','2022-04-28','B'),
(6,5,28,507,'Koperasi Melaya','Melaya','012956/BH/M.KUKM.2/IV/2019','2022-05-19','Sekunder Kabupaten/Kota','Konsumen','Kop. Konsumen','Jasa Angkutan','Agung','Duta','Agastya','Harry','Wijaya','10','10','23423423432444','Sertifikat - Aktif','2022-09-29','A'),
(7,8,44,478,'Koperasi Baturiti','Baturiti','AHU-0004793.AH.01.26.TAHUN 2020','2020-02-04','Sekunder Kabupaten/Kota','Konsumen','Kop. Simpan Pinjam','Jasa Fotokopi','kukin','wijaya','agung','widya','antasari','6','8','234234234234234','Sertifikat - Aktif','2022-05-30','B'),
(8,6,37,395,'Koperasi Rendang','Rendang','012956/BH/M.KUKM.2/IV/2019','2019-06-11','Sekunder Kabupaten/Kota','Simpan Pinjam','Kop. Simpan Pinjam','Jasa Angkutan','gusti','putra','eryawan','alesia','frederika','8','13','234234423423','Sertifikat - Expired','2022-05-02','A'),
(9,4,23,329,'Koperasi Sukawati','Sukawati','012956/BH/M.KUKM.2/IV/2019','2019-02-07','Sekunder Kabupaten/Kota','Simpan Pinjam','Kop. produsen','Jasa Perlayaran','tita','lattifia','fatmawati','agung','aditya','14','10','123123123123123','Sertifikat - Aktif','2022-06-06','A'),
(10,5,29,518,'Koperasi pohsanten','pohsanten','012956/BH/M.KUKM.2/IV/2019','2019-09-23','Sekunder Kabupaten/Kota','Simpan Pinjam','Kop. Konsumen','Jasa Angkutan','agung','nanak','antarini','antaguna','krisna','11','9','67867867867','Sertifikat - Aktif','2022-08-25','A');

/*Table structure for table `user` */

DROP TABLE IF EXISTS `user`;

CREATE TABLE `user` (
  `id` int(11) NOT NULL AUTO_INCREMENT,
  `name` varchar(255) DEFAULT NULL,
  `email` varchar(255) DEFAULT NULL,
  `password` varchar(255) DEFAULT NULL,
  `data_created` timestamp NULL DEFAULT NULL,
  PRIMARY KEY (`id`)
) ENGINE=InnoDB AUTO_INCREMENT=16 DEFAULT CHARSET=latin1;

/*Data for the table `user` */

insert  into `user`(`id`,`name`,`email`,`password`,`data_created`) values 
(6,'cmdr Production','cdmrproduction@yahoo.com','$2y$10$cewgF9T1zhf/4DzWU8wFKOol1WwAu0Ik/yKsqLRhtKPNQXLaxUPEy','0000-00-00 00:00:00'),
(7,'SekilasGame2004','saran@gmail.com','$2y$10$2ABNBDylDFDJ9Wf2JpriE.i4RKk0snEc0JzVukqYj6x7lwnfo5GVa','0000-00-00 00:00:00'),
(8,'wayan','wayan@gmail.com','$2y$10$ou9cC6.Cp5Jq1Zp5RTm6CO2.J9L15cjUAys3h3Dmrnd54fRQ0V1ES','0000-00-00 00:00:00'),
(10,'dwiki','dwiki@gmail.com','$2y$10$OM8DHLy1jJAy6Y.PPLG9luCfwAJD7NxUvCkoYEc69L6vkHnnT4vLS','0000-00-00 00:00:00'),
(11,'putra','putra@gmail.com','$2y$10$rNvoEfcxp.CeFc7bQCN5QOTxJ0GPPJ48eGYDfoiQBGphoLWLOgmDC','0000-00-00 00:00:00'),
(12,'alesia','alesia@gmail.com','$2y$10$gVU4I8C2hjqEHuIA/yVOOu4pUeGl8NSONQm8TwqmGJbuYw7a0lm92','0000-00-00 00:00:00'),
(13,'nonny','nonny@gmail.com','$2y$10$iDPIUBRfwc9gYufkr66e8eIHs7AKoPB9fm0.8AYJEIYqZjvfwAT4e','0000-00-00 00:00:00'),
(14,'waifu','waifu@gmail.com','$2y$10$J5Rs5igRxAA/fOw5zJOYj.4Qxdt1PF9t7m76s6WadLqm0P9oGEnOm','0000-00-00 00:00:00'),
(15,'tita','tita@gmail.com','$2y$10$dH2uTMjlY3TEWFX/9dVVAeaAYH8vq3KXi/QF64P9rkEeHnoYAneC6','0000-00-00 00:00:00');

/*Table structure for table `users` */

DROP TABLE IF EXISTS `users`;

CREATE TABLE `users` (
  `id` bigint(20) unsigned NOT NULL AUTO_INCREMENT,
  `name` varchar(255) COLLATE utf8mb4_unicode_ci NOT NULL,
  `email` varchar(255) COLLATE utf8mb4_unicode_ci NOT NULL,
  `password` varchar(255) COLLATE utf8mb4_unicode_ci NOT NULL,
  `cpassword` varchar(100) COLLATE utf8mb4_unicode_ci NOT NULL,
  `data_created` timestamp NULL DEFAULT NULL,
  PRIMARY KEY (`id`)
) ENGINE=InnoDB AUTO_INCREMENT=4 DEFAULT CHARSET=utf8mb4 COLLATE=utf8mb4_unicode_ci;

/*Data for the table `users` */

insert  into `users`(`id`,`name`,`email`,`password`,`cpassword`,`data_created`) values 
(1,'dodee','dodeadityaa@yahoo.com','$2y$10$VPd4P0aqnqqyotC3KdrLZeKwAxJEColP5dOVh1DCFqEiBAKH..t9i','sfqmyUXIT0iT2hUm0axLxPtNw5q9ZOIVs0vDEWfwXInik06puN7HX4pNDPSu',NULL),
(2,'dode aditya','dodee@gmail.com','$2y$10$OSlUMsVq5lF9KXNXXWdKFOdkR6Vm3l4LNxWUXQz6Esbsz4ww7kvLW','gkPeP88FEQBUVhicCEVfnvQqNZhDerBqXZZPPOBu8d035WYJq6OI7uZKldqs',NULL),
(3,'tita','tita@gmail.com','$2y$10$TPUMYu7tBIsViHW08YyEH.BMu.ddO4dpa.9CKh6UXm9zyAmCxA3eq','soYvL1dfP045vAga6HMhzg9AMPhUJSe45193135vPYBhjlWctBwOwIia4hyd',NULL);

/*!40101 SET SQL_MODE=@OLD_SQL_MODE */;
/*!40014 SET FOREIGN_KEY_CHECKS=@OLD_FOREIGN_KEY_CHECKS */;
/*!40014 SET UNIQUE_CHECKS=@OLD_UNIQUE_CHECKS */;
/*!40111 SET SQL_NOTES=@OLD_SQL_NOTES */;
